date,succursale,indice_temps,promotion,capacite,achalandage,ruptures_stock,temps_attente,satisfaction,ventes,niveau_service_insuffisant
2020-01-01,Gatineau,1,non,2100,1521,3,3.2,7.3,154567,0
2020-02-01,Gatineau,2,non,2100,1536,0,3,8.2,154874,0
2020-03-01,Gatineau,3,non,2100,1598,3,3.7,7.9,145985,0
2020-04-01,Gatineau,4,non,2100,1746,3,4.8,7.4,149621,0
2020-05-01,Gatineau,5,non,2100,1777,1,5.1,6.9,157731,0
2020-06-01,Gatineau,6,non,2100,1584,1,3.8,6.9,150602,0
2020-07-01,Gatineau,7,non,2100,1545,2,3.5,7.8,144328,0
2020-08-01,Gatineau,8,non,2100,1730,2,3.9,7.6,161210,0
2020-09-01,Gatineau,9,non,2100,1642,2,3.9,8.4,168731,0
2020-10-01,Gatineau,10,non,2100,1711,2,3.7,6.9,158583,0
2020-11-01,Gatineau,11,non,2100,1629,2,5.7,7.1,151200,0
2020-12-01,Gatineau,12,oui,2100,1995,2,4.7,7.9,193092,0
2021-01-01,Gatineau,13,non,2100,1507,2,2.9,8.4,149649,0
2021-02-01,Gatineau,14,non,2100,1495,1,3.3,8.5,138403,0
2021-03-01,Gatineau,15,non,2100,1576,2,3.6,8.2,140729,0
2021-04-01,Gatineau,16,oui,2100,1981,3,4.8,7.6,174239,0
2021-05-01,Gatineau,17,non,2100,1560,0,3.4,7.9,149201,0
2021-06-01,Gatineau,18,non,2100,1744,3,4.3,8.2,161103,0
2021-07-01,Gatineau,19,non,2100,1503,2,3.7,8,143341,0
2021-08-01,Gatineau,20,non,2100,1562,2,4.9,7.3,151880,0
2021-09-01,Gatineau,21,non,2100,1702,1,3.7,8,147479,0
2021-10-01,Gatineau,22,oui,2100,2018,1,4.1,7,186837,0
2021-11-01,Gatineau,23,non,2100,1916,0,3,6.9,168457,0
2021-12-01,Gatineau,24,non,2100,1832,1,3.6,9.2,167103,0
2022-01-01,Gatineau,25,non,2100,1445,0,2.1,8.9,134101,0
2022-02-01,Gatineau,26,oui,2100,1921,1,4.3,7.6,193073,0
2022-03-01,Gatineau,27,non,2100,1775,3,4.1,7.4,150088,0
2022-04-01,Gatineau,28,non,2100,1743,0,2.9,7.9,177307,0
2022-05-01,Gatineau,29,non,2100,1604,1,3.8,7.6,143585,0
2022-06-01,Gatineau,30,oui,2100,2051,1,4.8,8,198282,0
2022-07-01,Gatineau,31,non,2100,1613,2,4.1,7.3,139442,0
2022-08-01,Gatineau,32,non,2100,1723,0,2.9,8.5,166932,0
2022-09-01,Gatineau,33,non,2100,1805,2,4.5,7,157044,1
2022-10-01,Gatineau,34,oui,2100,2164,3,5.9,7.2,202561,1
2022-11-01,Gatineau,35,non,2100,1816,1,4.3,8.2,164146,1
2022-12-01,Gatineau,36,oui,2100,1964,1,5,7.7,186369,0
2023-01-01,Gatineau,37,non,2100,1788,2,4.4,8.2,158742,0
2023-02-01,Gatineau,38,oui,2100,2013,4,3.7,8,194619,0
2023-03-01,Gatineau,39,oui,2100,2134,0,4.3,7,203990,0
2023-04-01,Gatineau,40,non,2100,1768,4,3.5,8,161004,0
2023-05-01,Gatineau,41,non,2100,1675,1,3.8,6.8,159212,0
2023-06-01,Gatineau,42,non,2100,1866,4,5.2,6.9,148516,0
2023-07-01,Gatineau,43,non,2100,1822,1,3.9,7.2,159245,0
2023-08-01,Gatineau,44,non,2100,1836,2,4.2,7.6,165396,0
2023-09-01,Gatineau,45,oui,2100,2118,4,6.1,7.4,189861,1
2023-10-01,Gatineau,46,non,2100,1889,3,4.8,7.3,151218,0
2023-11-01,Gatineau,47,non,2100,1993,3,5,6.8,163183,0
2023-12-01,Gatineau,48,non,2100,1834,0,4.1,6.8,180568,0
2024-01-01,Gatineau,49,oui,2100,2134,3,4.6,7.5,195397,0
2024-02-01,Gatineau,50,non,2100,1856,0,4.3,7.9,163026,0
2024-03-01,Gatineau,51,non,2100,1843,1,3.1,8.6,162060,0
2024-04-01,Gatineau,52,oui,2100,2098,0,4.1,9,214358,0
2024-05-01,Gatineau,53,oui,2100,2051,1,4.4,7.7,210276,0
2024-06-01,Gatineau,54,non,2100,1975,1,3.5,7.6,182748,0
2024-07-01,Gatineau,55,non,2100,1763,1,3.6,8.1,152897,0
2024-08-01,Gatineau,56,oui,2100,2190,3,6.9,6.5,204534,1
2024-09-01,Gatineau,57,non,2100,2109,4,5.6,7.3,182048,0
2024-10-01,Gatineau,58,non,2100,1818,2,4,8,163059,0
2024-11-01,Gatineau,59,non,2100,1919,1,4.3,8.1,165396,0
2024-12-01,Gatineau,60,oui,2100,2226,1,4.2,7,206257,0
2025-01-01,Gatineau,61,non,2100,1853,1,3.5,7.9,163008,0
2025-02-01,Gatineau,62,oui,2100,2203,2,4.8,6.9,197573,0
2025-03-01,Gatineau,63,non,2100,1983,4,5.7,7,177114,0
2025-04-01,Gatineau,64,oui,2100,2135,2,6.4,6.6,187543,0
2025-05-01,Gatineau,65,non,2100,1974,1,5.1,8.2,172381,0
2025-06-01,Gatineau,66,oui,2100,2402,0,4.9,8.1,226392,0
2025-07-01,Gatineau,67,non,2100,1965,2,5.4,7.5,169861,0
2025-08-01,Gatineau,68,non,2100,1908,2,4.8,7.2,170755,0
2025-09-01,Gatineau,69,non,2100,1837,2,5.2,7,176761,0
2025-10-01,Gatineau,70,non,2100,2120,3,5.2,7,186818,0
2025-11-01,Gatineau,71,non,2100,1990,0,4.8,7,177416,0
2025-12-01,Gatineau,72,oui,2100,2338,1,5,6.9,224255,0
2020-01-01,Montréal,1,non,3300,2468,3,4.7,7.5,218022,0
2020-02-01,Montréal,2,non,3300,2598,3,4.2,7.8,234683,0
2020-03-01,Montréal,3,non,3300,2453,3,3.9,7.1,217182,0
2020-04-01,Montréal,4,non,3300,2578,2,5.1,7.7,233119,0
2020-05-01,Montréal,5,non,3300,2442,1,4.3,6.7,223660,0
2020-06-01,Montréal,6,non,3300,2482,1,3.6,9.2,222468,0
2020-07-01,Montréal,7,non,3300,2395,4,4.5,8.3,204441,0
2020-08-01,Montréal,8,non,3300,2457,3,3.8,8.3,229715,0
2020-09-01,Montréal,9,non,3300,2616,2,3.5,8.3,232511,0
2020-10-01,Montréal,10,oui,3300,2958,3,4.1,7.8,261572,0
2020-11-01,Montréal,11,oui,3300,3057,2,3.5,8,283255,0
2020-12-01,Montréal,12,oui,3300,2905,4,4.8,5.6,268257,0
2021-01-01,Montréal,13,oui,3300,2829,1,3,7.5,278841,0
2021-02-01,Montréal,14,non,3300,2713,0,3.5,8.3,246165,0
2021-03-01,Montréal,15,non,3300,2537,1,3.9,7.1,220987,0
2021-04-01,Montréal,16,oui,3300,2971,0,3.2,7.9,278228,0
2021-05-01,Montréal,17,non,3300,2796,0,2.2,8,256620,0
2021-06-01,Montréal,18,non,3300,2799,2,4.4,7.7,254383,0
2021-07-01,Montréal,19,oui,3300,2752,1,4.1,7,273702,0
2021-08-01,Montréal,20,non,3300,2758,1,3.1,8.6,237081,0
2021-09-01,Montréal,21,non,3300,2604,2,4.3,7.8,238540,0
2021-10-01,Montréal,22,non,3300,2611,0,2.5,9.1,232593,0
2021-11-01,Montréal,23,non,3300,2778,2,4.4,7.9,239828,0
2021-12-01,Montréal,24,non,3300,2770,1,3.5,8.5,238371,0
2022-01-01,Montréal,25,non,3300,2566,0,3.7,7.7,234065,0
2022-02-01,Montréal,26,non,3300,2707,1,3.4,7.3,242952,0
2022-03-01,Montréal,27,non,3300,2605,1,3.5,8.2,228795,0
2022-04-01,Montréal,28,non,3300,2752,1,5.1,7.1,249325,0
2022-05-01,Montréal,29,oui,3300,3054,0,5.5,7.4,286653,0
2022-06-01,Montréal,30,oui,3300,2972,2,3.9,8.2,276424,0
2022-07-01,Montréal,31,oui,3300,3117,2,3.8,7.6,283877,0
2022-08-01,Montréal,32,non,3300,2658,1,2.5,7.8,231479,0
2022-09-01,Montréal,33,oui,3300,3107,2,4,8.2,289092,0
2022-10-01,Montréal,34,non,3300,2667,2,4.1,7.8,234661,0
2022-11-01,Montréal,35,non,3300,2926,3,5.7,7.6,255798,0
2022-12-01,Montréal,36,non,3300,2871,3,5,7.7,243434,0
2023-01-01,Montréal,37,oui,3300,2906,4,5.2,7.3,256420,0
2023-02-01,Montréal,38,non,3300,2904,2,5,7.6,255308,0
2023-03-01,Montréal,39,non,3300,2802,1,3.8,7.3,259334,0
2023-04-01,Montréal,40,non,3300,2849,3,4.4,7.5,240741,0
2023-05-01,Montréal,41,non,3300,2808,2,3.7,8,242623,0
2023-06-01,Montréal,42,non,3300,2715,1,4.7,7.5,240173,0
2023-07-01,Montréal,43,oui,3300,3148,1,5,6.9,291329,0
2023-08-01,Montréal,44,non,3300,2861,4,5.5,7.3,239634,0
2023-09-01,Montréal,45,oui,3300,3214,1,5.4,6.4,292339,0
2023-10-01,Montréal,46,non,3300,2836,1,3.4,7.9,257935,0
2023-11-01,Montréal,47,oui,3300,3302,3,5.5,8,300362,0
2023-12-01,Montréal,48,oui,3300,3344,1,4.7,8.7,304496,0
2024-01-01,Montréal,49,non,3300,2822,2,4,8.2,244895,0
2024-02-01,Montréal,50,non,3300,2914,0,3.6,8.1,259426,0
2024-03-01,Montréal,51,non,3300,2926,0,5,6.8,270120,0
2024-04-01,Montréal,52,oui,3300,3131,1,3.4,9.1,286413,0
2024-05-01,Montréal,53,non,3300,2846,1,4.5,7.3,250049,0
2024-06-01,Montréal,54,non,3300,2894,2,5.1,7.3,243839,0
2024-07-01,Montréal,55,non,3300,2879,1,4.4,7.2,252036,0
2024-08-01,Montréal,56,non,3300,2947,1,3.7,8.3,260778,0
2024-09-01,Montréal,57,non,3300,2987,5,5.7,6.5,249191,0
2024-10-01,Montréal,58,non,3300,3201,1,4.4,8,276851,0
2024-11-01,Montréal,59,non,3300,3259,4,6.4,7,277468,0
2024-12-01,Montréal,60,non,3300,3216,3,4.7,7.9,265442,0
2025-01-01,Montréal,61,oui,3300,3211,1,4.5,7.5,298786,0
2025-02-01,Montréal,62,oui,3300,3247,1,4.2,7.3,293297,0
2025-03-01,Montréal,63,non,3300,2983,1,5.3,7.8,259992,0
2025-04-01,Montréal,64,non,3300,3086,1,3.8,8.2,266643,0
2025-05-01,Montréal,65,non,3300,3035,0,4.2,8.3,259095,0
2025-06-01,Montréal,66,non,3300,2851,1,3.5,8.3,255152,0
2025-07-01,Montréal,67,oui,3300,3310,3,4.6,7.5,292860,0
2025-08-01,Montréal,68,oui,3300,3347,1,5.3,6.6,305948,0
2025-09-01,Montréal,69,non,3300,3206,1,4.1,7.3,274924,0
2025-10-01,Montréal,70,non,3300,3050,3,4.1,7.4,268564,0
2025-11-01,Montréal,71,non,3300,3280,2,4.8,7.6,271828,0
2025-12-01,Montréal,72,non,3300,3315,5,6,6.8,266840,0
2020-01-01,Québec,1,non,2400,1694,2,3.4,8.4,160600,0
2020-02-01,Québec,2,non,2400,1924,4,4.6,6.7,166670,0
2020-03-01,Québec,3,non,2400,1807,0,2.7,8.6,164205,0
2020-04-01,Québec,4,non,2400,1723,0,3.4,7.8,183793,0
2020-05-01,Québec,5,oui,2400,2077,0,3.6,7.5,221861,0
2020-06-01,Québec,6,non,2400,1862,2,3.9,8.7,168365,0
2020-07-01,Québec,7,non,2400,1957,3,5.3,7.2,173057,0
2020-08-01,Québec,8,oui,2400,2054,4,5.1,7.1,200415,0
2020-09-01,Québec,9,non,2400,1951,0,3.1,8.2,179255,0
2020-10-01,Québec,10,oui,2400,2258,3,5.6,7.4,221470,0
2020-11-01,Québec,11,non,2400,1967,0,3.4,7.9,174944,0
2020-12-01,Québec,12,non,2400,1936,3,5.4,7.2,169010,0
2021-01-01,Québec,13,oui,2400,2113,0,3.3,8.1,210496,0
2021-02-01,Québec,14,non,2400,1940,0,2.8,8.4,175906,0
2021-03-01,Québec,15,non,2400,1860,3,3.8,7.9,163019,0
2021-04-01,Québec,16,non,2400,2113,2,3.6,8.6,193530,0
2021-05-01,Québec,17,non,2400,2033,1,4.2,8,186155,0
2021-06-01,Québec,18,non,2400,1964,2,3.3,7.7,181187,0
2021-07-01,Québec,19,oui,2400,2310,1,4.3,7.8,229483,0
2021-08-01,Québec,20,non,2400,2053,2,4.9,6.1,185351,1
2021-09-01,Québec,21,non,2400,1978,1,4.1,8.4,180547,0
2021-10-01,Québec,22,non,2400,2188,2,4.4,8.3,182392,0
2021-11-01,Québec,23,oui,2400,2179,4,4.5,6.8,195183,0
2021-12-01,Québec,24,non,2400,2057,2,4.2,7.8,180639,0
2022-01-01,Québec,25,non,2400,2033,2,4.7,7.4,185523,0
2022-02-01,Québec,26,oui,2400,2218,1,4.3,7.3,206343,0
2022-03-01,Québec,27,non,2400,2034,1,4.6,6.4,189108,0
2022-04-01,Québec,28,oui,2400,2030,6,5.1,6.7,199013,0
2022-05-01,Québec,29,oui,2400,2358,4,6.5,7.1,204274,0
2022-06-01,Québec,30,oui,2400,2107,1,4,7,198705,0
2022-07-01,Québec,31,non,2400,1940,4,4.6,7.1,170859,0
2022-08-01,Québec,32,non,2400,1950,1,4,7.2,183663,0
2022-09-01,Québec,33,non,2400,2030,2,4,8.3,172798,0
2022-10-01,Québec,34,non,2400,1958,2,4.3,7.3,179184,0
2022-11-01,Québec,35,non,2400,2121,0,3.5,7.8,186290,0
2022-12-01,Québec,36,oui,2400,2463,6,6.6,6.3,221357,0
2023-01-01,Québec,37,non,2400,1936,2,3.9,7.7,182760,0
2023-02-01,Québec,38,non,2400,2016,0,3,8.7,179503,0
2023-03-01,Québec,39,oui,2400,2401,1,4,8.3,210276,0
2023-04-01,Québec,40,non,2400,2136,1,4.8,7.3,193859,1
2023-05-01,Québec,41,non,2400,1989,1,3,9,182067,0
2023-06-01,Québec,42,non,2400,2133,1,4.9,7.8,192373,1
2023-07-01,Québec,43,non,2400,2188,2,4.7,7.7,203660,0
2023-08-01,Québec,44,non,2400,2166,0,4.3,7.5,196874,0
2023-09-01,Québec,45,oui,2400,2386,1,4.4,8.1,217334,0
2023-10-01,Québec,46,oui,2400,2450,1,4.4,7.8,229590,0
2023-11-01,Québec,47,oui,2400,2288,4,4.1,7.3,214326,0
2023-12-01,Québec,48,non,2400,2176,3,4.8,7.6,186565,0
2024-01-01,Québec,49,oui,2400,2504,2,5,7.2,232097,0
2024-02-01,Québec,50,oui,2400,2281,3,4.3,6.9,215068,0
2024-03-01,Québec,51,oui,2400,2415,2,5.1,6.5,247263,0
2024-04-01,Québec,52,non,2400,2153,1,3.9,7.6,204251,0
2024-05-01,Québec,53,non,2400,2267,1,3.8,7.9,193687,0
2024-06-01,Québec,54,non,2400,2210,1,4.7,7.9,190275,0
2024-07-01,Québec,55,non,2400,2022,1,4.7,7.7,179276,0
2024-08-01,Québec,56,non,2400,2220,2,3.8,7.8,193792,0
2024-09-01,Québec,57,non,2400,2111,0,3.4,7.4,182366,0
2024-10-01,Québec,58,non,2400,2178,2,5.1,7.3,201185,0
2024-11-01,Québec,59,oui,2400,2516,1,4.4,6.8,229626,0
2024-12-01,Québec,60,non,2400,2292,5,6.3,6.1,193425,0
2025-01-01,Québec,61,non,2400,2181,0,3.6,7.9,206213,0
2025-02-01,Québec,62,non,2400,2260,3,4.3,7.2,196939,0
2025-03-01,Québec,63,non,2400,2227,2,4.8,8.4,183505,0
2025-04-01,Québec,64,non,2400,2164,2,5.6,7.6,186879,0
2025-05-01,Québec,65,non,2400,2491,0,4.2,7.7,209538,0
2025-06-01,Québec,66,non,2400,2080,3,3.8,7,172260,0
2025-07-01,Québec,67,non,2400,2157,2,4.4,7.3,185003,1
2025-08-01,Québec,68,oui,2400,2635,2,5.1,7.5,242967,0
2025-09-01,Québec,69,non,2400,2254,1,4.2,7.1,195403,0
2025-10-01,Québec,70,oui,2400,2524,3,5.5,6.7,232214,0
2025-11-01,Québec,71,oui,2400,2501,2,4.7,7.7,231360,0
2025-12-01,Québec,72,oui,2400,2570,2,5.2,7.3,230891,0
2020-01-01,Sherbrooke,1,non,1850,1291,4,3.9,7.8,106832,0
2020-02-01,Sherbrooke,2,oui,1850,1555,0,3,7.3,160822,0
2020-03-01,Sherbrooke,3,non,1850,1377,3,4.8,8.2,118792,0
2020-04-01,Sherbrooke,4,non,1850,1534,0,3.3,7.8,150117,0
2020-05-01,Sherbrooke,5,non,1850,1287,2,3.7,8.3,114761,0
2020-06-01,Sherbrooke,6,non,1850,1378,1,3.8,6.9,129905,0
2020-07-01,Sherbrooke,7,non,1850,1498,1,3.6,7.6,132137,0
2020-08-01,Sherbrooke,8,non,1850,1584,3,4.4,7.6,129609,0
2020-09-01,Sherbrooke,9,non,1850,1412,0,3.3,7.4,136267,0
2020-10-01,Sherbrooke,10,oui,1850,1846,5,6.1,6.7,155333,1
2020-11-01,Sherbrooke,11,non,1850,1405,1,3.6,7.5,128406,0
2020-12-01,Sherbrooke,12,oui,1850,1829,1,4.7,7.8,185328,0
2021-01-01,Sherbrooke,13,oui,1850,1688,4,5.2,6.9,149965,0
2021-02-01,Sherbrooke,14,non,1850,1537,1,4.6,7.4,125486,0
2021-03-01,Sherbrooke,15,non,1850,1474,1,3.2,7.9,131843,0
2021-04-01,Sherbrooke,16,non,1850,1496,2,3.2,7.9,126521,0
2021-05-01,Sherbrooke,17,oui,1850,1842,1,4.6,8.1,183293,0
2021-06-01,Sherbrooke,18,oui,1850,1836,0,4.4,7.2,185808,0
2021-07-01,Sherbrooke,19,non,1850,1417,3,3.3,8.2,125276,0
2021-08-01,Sherbrooke,20,non,1850,1480,4,4.3,8.1,115155,0
2021-09-01,Sherbrooke,21,non,1850,1551,2,3.3,7.9,125957,0
2021-10-01,Sherbrooke,22,non,1850,1613,2,3.1,8.3,150170,0
2021-11-01,Sherbrooke,23,oui,1850,1892,3,5.5,6.9,175565,0
2021-12-01,Sherbrooke,24,non,1850,1544,5,5.4,7.6,121066,0
2022-01-01,Sherbrooke,25,non,1850,1554,3,4.2,7.1,131832,0
2022-02-01,Sherbrooke,26,non,1850,1348,1,3.7,8.4,131541,0
2022-03-01,Sherbrooke,27,oui,1850,1810,0,3.1,8.1,176147,0
2022-04-01,Sherbrooke,28,oui,1850,1750,2,5.6,7.3,167814,0
2022-05-01,Sherbrooke,29,oui,1850,1943,0,4.8,7.3,181270,0
2022-06-01,Sherbrooke,30,oui,1850,1725,0,5.3,8,181298,0
2022-07-01,Sherbrooke,31,non,1850,1601,0,4.8,7.4,135872,0
2022-08-01,Sherbrooke,32,non,1850,1422,2,3.6,7.9,134308,0
2022-09-01,Sherbrooke,33,non,1850,1727,4,6,6.8,150412,0
2022-10-01,Sherbrooke,34,non,1850,1590,2,4.6,6.6,131728,0
2022-11-01,Sherbrooke,35,oui,1850,1959,3,4.7,7.8,174035,0
2022-12-01,Sherbrooke,36,non,1850,1684,3,4.2,7.5,148303,0
2023-01-01,Sherbrooke,37,non,1850,1516,3,4.5,8.1,124312,1
2023-02-01,Sherbrooke,38,non,1850,1685,1,3.5,6.7,150189,0
2023-03-01,Sherbrooke,39,non,1850,1535,2,4.1,7.1,139191,0
2023-04-01,Sherbrooke,40,non,1850,1768,2,4.6,7.2,159905,0
2023-05-01,Sherbrooke,41,non,1850,1586,4,5.4,7.2,129541,0
2023-06-01,Sherbrooke,42,non,1850,1375,2,4.7,7.8,126164,0
2023-07-01,Sherbrooke,43,non,1850,1647,1,4.1,7.2,147615,0
2023-08-01,Sherbrooke,44,non,1850,1717,2,5.6,7.3,151122,0
2023-09-01,Sherbrooke,45,oui,1850,1941,6,5.6,7.4,164625,0
2023-10-01,Sherbrooke,46,non,1850,1607,1,4,8.1,145124,0
2023-11-01,Sherbrooke,47,non,1850,1741,0,3.7,7.9,158820,0
2023-12-01,Sherbrooke,48,non,1850,1604,0,2.5,8.1,158467,0
2024-01-01,Sherbrooke,49,non,1850,1743,4,5.5,7.3,149883,0
2024-02-01,Sherbrooke,50,oui,1850,1915,2,5.8,6.3,175381,0
2024-03-01,Sherbrooke,51,non,1850,1563,1,4.8,8.2,141165,0
2024-04-01,Sherbrooke,52,non,1850,1706,1,4.1,8.1,149087,0
2024-05-01,Sherbrooke,53,non,1850,1482,2,3.7,8,120356,0
2024-06-01,Sherbrooke,54,non,1850,1670,1,4.4,7.8,156735,0
2024-07-01,Sherbrooke,55,non,1850,1613,2,4.7,7,150688,0
2024-08-01,Sherbrooke,56,oui,1850,2066,4,5.9,6.9,177127,0
2024-09-01,Sherbrooke,57,non,1850,1640,1,4.4,6.7,145644,0
2024-10-01,Sherbrooke,58,non,1850,1672,0,2.9,8,151634,0
2024-11-01,Sherbrooke,59,non,1850,1575,2,4.3,7.7,142284,0
2024-12-01,Sherbrooke,60,non,1850,1748,2,4.9,7.5,153206,0
2025-01-01,Sherbrooke,61,oui,1850,2010,0,4.2,8.6,185385,0
2025-02-01,Sherbrooke,62,non,1850,1798,0,4.6,7.1,152139,0
2025-03-01,Sherbrooke,63,oui,1850,2124,3,5.7,7.2,200183,0
2025-04-01,Sherbrooke,64,non,1850,1571,6,6.1,6.7,115534,0
2025-05-01,Sherbrooke,65,non,1850,1633,0,3.6,7.8,141966,0
2025-06-01,Sherbrooke,66,oui,1850,2070,3,6.2,6.9,187187,0
2025-07-01,Sherbrooke,67,non,1850,1705,4,4.9,7.3,146901,0
2025-08-01,Sherbrooke,68,non,1850,1655,2,4.8,8.1,135527,0
2025-09-01,Sherbrooke,69,non,1850,1645,2,4.4,7.3,137858,0
2025-10-01,Sherbrooke,70,non,1850,1724,0,4.2,7.8,149064,0
2025-11-01,Sherbrooke,71,non,1850,1757,5,5.7,7.2,142770,0
2025-12-01,Sherbrooke,72,non,1850,1598,2,4.8,7,139099,0
