livraison_id,date,centre,distance_km,colis,incident,duree_minutes
L001,2025-01-06,Lévis,11.1,23,aucun,27.2
L002,2025-01-20,Lévis,41.9,12,aucun,58
L003,2025-01-06,Québec,25.5,25,aucun,53.7
L004,2025-01-20,Québec,21.5,15,aucun,39.8
L005,2025-01-06,Sherbrooke,52.4,20,aucun,81.5
L006,2025-01-20,Sherbrooke,8.1,21,aucun,28.6
L007,2025-01-06,Trois-Rivières,51.8,12,aucun,78.8
L008,2025-01-20,Trois-Rivières,44.7,14,aucun,61.5
L009,2025-02-06,Lévis,11.7,11,aucun,39.2
L010,2025-02-20,Lévis,22,26,aucun,40.4
L011,2025-02-06,Québec,55.5,8,aucun,75.5
L012,2025-02-20,Québec,55.5,23,aucun,82.2
L013,2025-02-06,Sherbrooke,53.2,15,aucun,76.8
L014,2025-02-20,Sherbrooke,35.6,17,aucun,49.6
L015,2025-02-06,Trois-Rivières,55.7,25,aucun,76.7
L016,2025-02-20,Trois-Rivières,39.6,28,aucun,74.4
L017,2025-03-06,Lévis,39,21,aucun,66.9
L018,2025-03-20,Lévis,45.5,9,aucun,65.8
L019,2025-03-06,Québec,61.5,19,aucun,84.3
L020,2025-03-20,Québec,24.7,22,aucun,49.4
L021,2025-03-06,Sherbrooke,46.9,16,aucun,76.7
L022,2025-03-20,Sherbrooke,15.5,29,aucun,33
L023,2025-03-06,Trois-Rivières,14.7,10,aucun,34.5
L024,2025-03-20,Trois-Rivières,50,13,aucun,82.5
L025,2025-04-06,Lévis,41.8,13,aucun,77.5
L026,2025-04-20,Lévis,29,16,aucun,47.2
L027,2025-04-06,Québec,36.1,18,aucun,61.1
L028,2025-04-20,Québec,44.2,11,aucun,72.9
L029,2025-04-06,Sherbrooke,30.9,29,aucun,57.1
L030,2025-04-20,Sherbrooke,23.3,13,aucun,46
L031,2025-04-06,Trois-Rivières,35.4,22,aucun,56.5
L032,2025-04-20,Trois-Rivières,47,20,aucun,76.2
L033,2025-05-06,Lévis,58.2,18,aucun,86
L034,2025-05-20,Lévis,38.9,9,aucun,62.6
L035,2025-05-06,Québec,43.3,10,aucun,69
L036,2025-05-20,Québec,56.5,10,aucun,86.7
L037,2025-05-06,Sherbrooke,52.7,17,aucun,74.2
L038,2025-05-20,Sherbrooke,12.1,10,aucun,33.5
L039,2025-05-06,Trois-Rivières,40.8,13,aucun,68.2
L040,2025-05-20,Trois-Rivières,58.3,27,aucun,81.8
L041,2025-06-06,Lévis,57,23,aucun,84
L042,2025-06-20,Lévis,58.2,9,aucun,87.2
L043,2025-06-06,Québec,36,24,aucun,61.3
L044,2025-06-20,Québec,55,12,aucun,79.5
L045,2025-06-06,Sherbrooke,11.3,29,aucun,36.9
L046,2025-06-20,Sherbrooke,21.6,19,aucun,38
L047,2025-06-06,Trois-Rivières,8.6,28,aucun,27.8
L048,2025-06-20,Trois-Rivières,59.7,12,aucun,90.3
L049,2025-07-06,Lévis,32.1,24,aucun,56.9
L050,2025-07-20,Lévis,40.3,13,aucun,59.8
L051,2025-07-06,Québec,48.6,27,aucun,70.7
L052,2025-07-20,Québec,48.2,20,aucun,74.7
L053,2025-07-06,Sherbrooke,35,30,aucun,62
L054,2025-07-20,Sherbrooke,15.5,26,aucun,36.4
L055,2025-07-06,Trois-Rivières,29,11,aucun,50.6
L056,2025-07-20,Trois-Rivières,61.4,30,aucun,87.2
L057,2025-08-06,Lévis,47.7,28,aucun,86.1
L058,2025-08-20,Lévis,9.7,14,aucun,31.1
L059,2025-08-06,Québec,43.4,21,aucun,64.2
L060,2025-08-20,Québec,25.7,24,aucun,49.3
L061,2025-08-06,Sherbrooke,16.3,13,aucun,32.5
L062,2025-08-20,Sherbrooke,58.9,24,aucun,80.1
L063,2025-08-06,Trois-Rivières,40.9,15,aucun,64.1
L064,2025-08-20,Trois-Rivières,57.1,20,aucun,84.5
L065,2025-09-06,Lévis,16.6,17,aucun,39.2
L066,2025-09-20,Lévis,43.6,22,aucun,70.5
L067,2025-09-06,Québec,41.6,26,aucun,58.9
L068,2025-09-20,Québec,17.8,14,aucun,30.2
L069,2025-09-06,Sherbrooke,10.3,29,aucun,27.7
L070,2025-09-20,Sherbrooke,41.1,10,aucun,70.3
L071,2025-09-06,Trois-Rivières,43.9,9,aucun,73.7
L072,2025-09-20,Trois-Rivières,78,13,panne confirmée,165
L073,2025-10-06,Lévis,15.1,18,aucun,41
L074,2025-10-20,Lévis,21.2,24,aucun,41.8
L075,2025-10-06,Québec,50,13,aucun,79.2
L076,2025-10-20,Québec,32.8,18,aucun,53.9
L077,2025-10-06,Sherbrooke,57,30,aucun,85.6
L078,2025-10-20,Sherbrooke,20.1,26,aucun,46
L079,2025-10-06,Trois-Rivières,12.4,8,aucun,29.7
L080,2025-10-20,Trois-Rivières,47.9,21,aucun,78.4
L081,2025-11-06,Lévis,52.4,23,aucun,78.6
L082,2025-11-20,Lévis,24.6,10,aucun,49.2
L083,2025-11-06,Québec,44.5,25,aucun,72.7
L084,2025-11-20,Québec,54.2,24,aucun,79.5
L085,2025-11-06,Sherbrooke,61.4,19,aucun,81.1
L086,2025-11-20,Sherbrooke,22.5,20,aucun,41
L087,2025-11-06,Trois-Rivières,29,23,aucun,57.2
L088,2025-11-20,Trois-Rivières,48.6,27,aucun,70.3
L089,2025-12-06,Lévis,20.6,9,aucun,36.3
L090,2025-12-20,Lévis,56,15,aucun,72.9
L091,2025-12-06,Québec,19.5,30,aucun,40.9
L092,2025-12-20,Québec,52.8,25,aucun,70.8
L093,2025-12-06,Sherbrooke,27.4,13,aucun,54.5
L094,2025-12-20,Sherbrooke,17.5,19,aucun,37.2
L095,2025-12-06,Trois-Rivières,10.4,22,aucun,24.3
L096,2025-12-20,Trois-Rivières,17.1,16,aucun,41.5
