mois,mois_label,saison,succursale,region,surface_m2,campagne_locale,depenses_marketing,clients,panier_moyen,ventes,delai_livraison_jours,ruptures_stock,satisfaction,taux_retour
2025-01-01,janvier,moyenne,Gatineau,Outaouais,410,1,4799,2188,59.35,129858,3,6,7.6,0.076
2025-01-01,janvier,moyenne,Montréal,Montréal,520,1,5755,2568,65.66,168615,2.5,3,7.9,0.043
2025-01-01,janvier,moyenne,Québec,Capitale-Nationale,460,0,5646,2280,62.41,142295,2.4,1,8.7,0.044
2025-01-01,janvier,moyenne,Sherbrooke,Estrie,390,0,2367,2013,59.69,120156,2.3,3,8.5,0.035
2025-01-01,janvier,moyenne,Trois-Rivières,Mauricie,360,1,7671,1967,54.91,108008,2.1,1,7.1,0.037
2025-02-01,février,moyenne,Gatineau,Outaouais,410,0,4771,2100,55.02,115542,3.5,1,7,0.025
2025-02-01,février,moyenne,Montréal,Montréal,520,0,3070,2468,64.23,158520,1.7,0,8.5,0.042
2025-02-01,février,moyenne,Québec,Capitale-Nationale,460,1,5029,2417,65.03,157178,2.4,2,NA,0.022
2025-02-01,février,moyenne,Sherbrooke,Estrie,390,0,2637,2164,53.71,116228,2.2,1,7.4,0.019
2025-02-01,février,moyenne,Trois-Rivières,Mauricie,360,0,4895,1939,60.83,117949,2.2,1,8,0.051
2025-03-01,mars,reguliere,Gatineau,Outaouais,410,0,1949,1953,58.57,114387,3,1,8.6,0.027
2025-03-01,mars,reguliere,Montréal,Montréal,520,1,2680,2327,59.21,137782,2.2,0,8.5,0.024
2025-03-01,mars,reguliere,Québec,Capitale-Nationale,460,0,5760,2261,57.62,130279,2.5,1,7.7,0.03
2025-03-01,mars,reguliere,Sherbrooke,Estrie,390,0,5906,2208,59.74,131906,3,2,7.2,0.044
2025-03-01,mars,reguliere,Trois-Rivières,Mauricie,360,0,4903,1866,69.99,130601,2.2,0,7,0.028
2025-04-01,avril,reguliere,Gatineau,Outaouais,410,0,3551,1811,56.69,102666,1.7,1,7.9,0.029
2025-04-01,avril,reguliere,Montréal,Montréal,520,0,2671,2415,58.34,140891,2.3,5,6.3,0.041
2025-04-01,avril,reguliere,Québec,Capitale-Nationale,460,1,7942,2523,67.06,169192,2.5,1,8.5,0.035
2025-04-01,avril,reguliere,Sherbrooke,Estrie,390,1,6567,2115,56.9,120344,NA,1,7.8,0.026
2025-04-01,avril,reguliere,Trois-Rivières,Mauricie,360,0,3542,1689,64.22,108468,3.1,2,6.7,0.053
2025-05-01,mai,reguliere,Gatineau,Outaouais,410,1,4706,2089,60.69,126781,2.6,0,7.4,0.031
2025-05-01,mai,reguliere,Montréal,Montréal,520,1,7706,2790,56.32,157133,2,1,8.5,0.018
2025-05-01,mai,reguliere,Québec,Capitale-Nationale,460,1,4255,2150,61.4,132010,2.2,2,7.3,0.043
2025-05-01,mai,reguliere,Sherbrooke,Estrie,390,0,5030,2006,63.04,126458,2.9,3,7.5,0.046
2025-05-01,mai,reguliere,Trois-Rivières,Mauricie,360,1,4538,1600,61.17,97872,2.6,2,7.1,0.037
2025-06-01,juin,reguliere,Gatineau,Outaouais,410,1,6296,2122,66.1,140264,2.5,3,8.2,0.06
2025-06-01,juin,reguliere,Montréal,Montréal,520,1,6501,2714,56.4,153070,2.7,2,NA,0.042
2025-06-01,juin,reguliere,Québec,Capitale-Nationale,460,1,6668,2368,62.12,147100,3.4,3,7.9,0.03
2025-06-01,juin,reguliere,Sherbrooke,Estrie,390,0,2593,1762,60.05,105808,2.3,1,7.5,0.01
2025-06-01,juin,reguliere,Trois-Rivières,Mauricie,360,1,3996,1859,58.17,108138,2.4,2,7.8,0.01
2025-07-01,juillet,moyenne,Gatineau,Outaouais,410,0,3737,1880,58.64,110243,2.3,1,8.2,0.025
2025-07-01,juillet,moyenne,Montréal,Montréal,520,1,3615,2622,58.23,152679,2.2,0,8.3,0.046
2025-07-01,juillet,moyenne,Québec,Capitale-Nationale,460,0,6029,2337,62.52,146109,2.6,1,7.5,0.034
2025-07-01,juillet,moyenne,Sherbrooke,Estrie,390,0,3592,1732,57.03,98776,3.1,3,7.2,0.03
2025-07-01,juillet,moyenne,Trois-Rivières,Mauricie,360,1,5136,1848,66.91,123650,2.1,5,7.4,0.066
2025-08-01,août,reguliere,Gatineau,Outaouais,410,1,4233,1857,59.74,110937,2.7,3,8.1,0.033
2025-08-01,août,reguliere,Montréal,Montréal,520,1,3283,2518,59.68,150274,1.8,3,8.2,0.027
2025-08-01,août,reguliere,Québec,Capitale-Nationale,460,1,4167,2150,64.95,139642,2.8,3,7.3,0.055
2025-08-01,août,reguliere,Sherbrooke,Estrie,390,1,4634,1932,62.83,121388,2.3,4,7.9,0.06
2025-08-01,août,reguliere,Trois-Rivières,Mauricie,360,0,5484,1825,59.95,109409,2.1,5,7.3,0.043
2025-09-01,septembre,reguliere,Gatineau,Outaouais,410,0,2071,1733,57.74,100063,2.8,3,7.3,0.069
2025-09-01,septembre,reguliere,Montréal,Montréal,520,0,2837,2415,59.06,142630,3.2,5,7.5,0.047
2025-09-01,septembre,reguliere,Québec,Capitale-Nationale,460,0,3561,2133,62.12,132502,3.2,4,NA,0.051
2025-09-01,septembre,reguliere,Sherbrooke,Estrie,390,0,1827,1761,54.6,96151,3,2,7.2,0.049
2025-09-01,septembre,reguliere,Trois-Rivières,Mauricie,360,1,5544,1928,59.76,115217,2.6,2,7.3,0.023
2025-10-01,octobre,reguliere,Gatineau,Outaouais,410,0,5198,1996,61.28,122315,2.6,2,7,0.045
2025-10-01,octobre,reguliere,Montréal,Montréal,520,0,5424,2607,65.48,170706,3.1,2,7,0.045
2025-10-01,octobre,reguliere,Québec,Capitale-Nationale,460,0,2828,2260,54.86,123984,2.1,1,8.8,0.043
2025-10-01,octobre,reguliere,Sherbrooke,Estrie,390,0,4203,1775,66.03,117203,2.2,1,6.8,0.044
2025-10-01,octobre,reguliere,Trois-Rivières,Mauricie,360,0,2056,1966,62.35,122580,3.2,4,7.4,0.059
2025-11-01,novembre,haute,Gatineau,Outaouais,410,0,2092,2207,57.18,126196,NA,3,8.7,0.041
2025-11-01,novembre,haute,Montréal,Montréal,520,1,4610,2999,63.17,189447,3.6,3,7.5,0.047
2025-11-01,novembre,haute,Québec,Capitale-Nationale,460,0,3103,2405,70.64,169889,3.2,4,7.2,0.06
2025-11-01,novembre,haute,Sherbrooke,Estrie,390,0,3093,2056,69.23,142337,3.9,5,7.9,0.04
2025-11-01,novembre,haute,Trois-Rivières,Mauricie,360,1,5201,2075,64.51,133858,3.1,3,7.5,0.042
2025-12-01,décembre,haute,Gatineau,Outaouais,410,0,3520,2230,64.07,142876,3.6,4,6.9,0.031
2025-12-01,décembre,haute,Montréal,Montréal,520,0,4246,2908,69.48,202048,3.1,1,7,0.032
2025-12-01,décembre,haute,Québec,Capitale-Nationale,460,0,1812,2302,65.45,150666,3.7,0,7.4,0.019
2025-12-01,décembre,haute,Sherbrooke,Estrie,390,0,5491,2334,66.95,156261,2.6,2,7.9,0.044
2025-12-01,décembre,haute,Trois-Rivières,Mauricie,360,0,1923,1772,72.33,128169,4,2,8.1,0.047
